camera,date,setup,file,x,y,z,azimuth,tilt,roll,note
c1,2021-03-17,CACO02,CACO02_c1_20210317_EO.yaml,420097.396,4638305.557,19.587,11.924,74.979,0.313,
c1,2023-03-22,CACO02,CACO02_c1_20230322_EO.yaml,420097.545,4638305.715,19.634,12.039,74.785,0.099,
c1,2024-01-05,CACO02,CACO02_c1_20240105_EO.yaml,420096.317,4638303.095,20.497,39.477,74.286,-1.633,
c1,2024-06-12,CACO02,CACO02_c1_20240612_EO.yaml,420096.457,4638303.878,20.105,39.762,74.814,-0.498,
c1,2024-08-27,CACO03,CACO03_c1_20240827_EO.yaml,420088.338,4638318.650,20.929,57.704,68.362,-4.944,CACO03 set up Aug 2024: moved 16.9 m from the CACO02 position
c1,2024-10-23,CACO03,CACO03_c1_20241023_EO.yaml,420087.863,4638319.395,21.369,60.040,67.852,-5.421,
c1,2025-01-23,CACO03,CACO03_c1_20250123_EO.yaml,420088.256,4638318.983,20.817,72.570,71.600,-6.670,GCPs surveyed that day (independent of the Jan 2025 lidar flown the same day); turned +12.5 deg since 2024-10-23
c1,2025-02-19,CACO04,CACO04_c1_20250219_EO.yaml,420085.416,4638323.843,20.540,57.273,71.590,-10.763,"CACO04 set up 2025-01-24: moved 5.6 m, turned -15.3 deg from 2025-01-23"
c1,2025-02-19,CACO05,CACO05_c1_20250219_EO.yaml,420085.416,4638323.843,20.540,57.273,71.590,-10.763,same values as CACO04_c1_20250219_EO.yaml (older name; the default EO of process_chelsea)
c1,2025-11-04,CACO04,CACO04_c1_20251104_EO.yaml,420084.273,4638322.057,20.532,54.490,66.757,-8.335,
c1,2025-11-13,CACO05,CACO05_c1_20251113_EO-CV.yaml,420084.273,4638322.057,20.532,54.490,66.757,-8.335,same values as CACO04_c1_20251104_EO.yaml; the live station EO
c2,2021-03-10,CACO02,CACO02_c2_20210310_EO.yaml,420097.648,4638305.381,19.379,56.261,67.320,2.376,
c2,2023-03-22,CACO02,CACO02_c2_20230322_EO.yaml,420097.607,4638305.595,19.788,56.521,66.452,2.386,
c2,2024-01-05,CACO02,CACO02_c2_20240105_EO.yaml,420095.453,4638302.842,20.971,79.710,69.233,-0.811,
c2,2024-06-12,CACO02,CACO02_c2_20240612_EO.yaml,420095.650,4638302.762,21.058,79.491,69.498,-0.647,
c2,2024-08-27,CACO03,CACO03_c2_20240827_EO.yaml,420090.481,4638319.619,19.492,20.470,73.636,5.006,CACO03 set up Aug 2024: moved 17.6 m from the CACO02 position
c2,2024-10-23,CACO03,CACO03_c2_20241023_EO.yaml,420089.959,4638320.118,19.874,22.968,73.648,4.610,
c2,2025-01-23,CACO03,CACO03_c2_20250123_EO.yaml,420089.431,4638319.885,20.081,36.375,73.320,4.614,GCPs surveyed that day (independent of the Jan 2025 lidar flown the same day); turned +13.4 deg since 2024-10-23
c2,2025-02-19,CACO04,CACO04_c2_20250219_EO.yaml,420086.956,4638325.143,19.521,20.844,74.966,3.958,"CACO04 set up 2025-01-24: moved 5.8 m, turned -15.5 deg from 2025-01-23"
c2,2025-02-19,CACO05,CACO05_c2_20250219_EO.yaml,420086.956,4638325.143,19.521,20.844,74.966,3.958,same values as CACO04_c2_20250219_EO.yaml (older name; the default EO of process_chelsea)
c2,2025-11-04,CACO04,CACO04_c2_20251104_EO.yaml,420087.278,4638325.477,18.904,20.632,75.417,4.652,
c2,2025-11-13,CACO05,CACO05_c2_20251113_EO-CV.yaml,420085.821,4638322.721,19.828,17.499,71.689,3.936,camera moved 3.1 m and turned -3.1 deg since 2025-11-04; the live station EO
