Column,Row
0,806
1,806
2,806
3,806
4,806
5,806
6,806
7,806
8,806
9,806
10,806
11,806
12,806
13,805
14,805
15,805
16,805
17,805
18,805
19,805
20,805
21,805
22,804
23,804
24,804
25,804
26,804
27,804
28,804
29,804
30,804
31,803
32,803
33,803
34,803
35,803
36,803
37,803
38,803
39,803
40,803
41,802
42,802
43,802
44,802
45,802
46,802
47,802
48,802
49,802
50,801
51,801
52,801
53,801
54,801
55,801
56,801
57,801
58,801
59,800
60,800
61,800
62,800
63,800
64,800
65,800
66,800
67,800
68,799
69,799
70,799
71,799
72,799
73,799
74,799
75,799
76,799
77,798
78,798
79,798
80,798
81,798
82,798
83,798
84,798
85,798
86,797
87,797
88,797
89,797
90,797
91,797
92,797
93,797
94,797
95,797
96,796
97,796
98,796
99,796
100,796
101,796
102,796
103,796
104,796
105,795
106,795
107,795
108,795
109,795
110,795
111,795
112,795
113,795
114,794
115,794
116,794
117,794
118,794
119,794
120,794
121,794
122,794
123,793
124,793
125,793
126,793
127,793
128,793
129,793
130,793
131,793
132,792
133,792
134,792
135,792
136,792
137,792
138,792
139,792
140,792
141,791
142,791
143,791
144,791
145,791
146,791
147,791
148,791
149,791
150,791
151,790
152,790
153,790
154,790
155,790
156,790
157,790
158,790
159,790
160,789
161,789
162,789
163,789
164,789
165,789
166,789
167,789
168,789
169,788
170,788
171,788
172,788
173,788
174,788
175,788
176,788
177,788
178,787
179,787
180,787
181,787
182,787
183,787
184,787
185,787
186,787
187,786
188,786
189,786
190,786
191,786
192,786
193,786
194,786
195,786
196,785
197,785
198,785
199,785
200,785
201,785
202,785
203,785
204,785
205,785
206,784
207,784
208,784
209,784
210,784
211,784
212,784
213,784
214,784
215,783
216,783
217,783
218,783
219,783
220,783
221,783
222,783
223,783
224,782
225,782
226,782
227,782
228,782
229,782
230,782
231,782
232,782
233,781
234,781
235,781
236,781
237,781
238,781
239,781
240,781
241,781
242,781
243,780
244,780
245,780
246,780
247,780
248,780
249,780
250,780
251,780
252,780
253,779
254,779
255,779
256,779
257,779
258,779
259,779
260,779
261,779
262,779
263,778
264,778
265,778
266,778
267,778
268,778
269,778
270,778
271,778
272,778
273,777
274,777
275,777
276,777
277,777
278,777
279,777
280,777
281,777
282,777
283,776
284,776
285,776
286,776
287,776
288,776
289,776
290,776
291,776
292,776
293,775
294,775
295,775
296,775
297,775
298,775
299,775
300,775
301,775
302,774
303,774
304,774
305,774
306,774
307,774
308,774
309,774
310,774
311,774
312,773
313,773
314,773
315,773
316,773
317,773
318,773
319,773
320,773
321,773
322,772
323,772
324,772
325,772
326,772
327,772
328,772
329,772
330,772
331,772
332,771
333,771
334,771
335,771
336,771
337,771
338,771
339,771
340,771
341,771
342,770
343,770
344,770
345,770
346,770
347,770
348,770
349,770
350,770
351,770
352,769
353,769
354,769
355,769
356,769
357,769
358,769
359,769
360,769
361,769
362,768
363,768
364,768
365,768
366,768
367,768
368,768
369,768
370,768
371,767
372,767
373,767
374,767
375,767
376,767
377,767
378,767
379,767
380,767
381,766
382,766
383,766
384,766
385,766
386,766
387,766
388,766
389,766
390,766
391,765
392,765
393,765
394,765
395,765
396,765
397,765
398,765
399,765
400,765
401,764
402,764
403,764
404,764
405,764
406,764
407,764
408,764
409,764
410,764
411,763
412,763
413,763
414,763
415,763
416,763
417,763
418,763
419,763
420,763
421,762
422,762
423,762
424,762
425,762
426,762
427,762
428,762
429,762
430,762
431,761
432,761
433,761
434,761
435,761
436,761
437,761
438,761
439,761
440,760
441,760
442,760
443,760
444,760
445,760
446,760
447,760
448,760
449,760
450,759
451,759
452,759
453,759
454,759
455,759
456,759
457,759
458,759
459,759
460,758
461,758
462,758
463,758
464,758
465,758
466,758
467,758
468,758
469,758
470,757
471,757
472,757
473,757
474,757
475,757
476,757
477,757
478,757
479,757
480,756
481,756
482,756
483,756
484,756
485,756
486,756
487,756
488,756
489,756
490,755
491,755
492,755
493,755
494,755
495,755
496,755
497,755
498,755
499,755
500,754
501,754
502,754
503,754
504,754
505,754
506,754
507,754
508,754
509,754
510,754
511,754
512,754
513,754
514,753
515,753
516,753
517,753
518,753
519,753
520,753
521,753
522,753
523,753
524,753
525,753
526,753
527,753
528,753
529,753
530,753
531,753
532,753
533,753
534,752
535,752
536,752
537,752
538,752
539,752
540,752
541,752
542,752
543,752
544,752
545,752
546,752
547,752
548,752
549,752
550,752
551,752
552,752
553,752
554,751
555,751
556,751
557,751
558,751
559,751
560,751
561,751
562,751
563,751
564,751
565,751
566,751
567,751
568,751
569,751
570,751
571,751
572,751
573,751
574,751
575,750
576,750
577,750
578,750
579,750
580,750
581,750
582,750
583,750
584,750
585,750
586,750
587,750
588,750
589,750
590,750
591,750
592,750
593,750
594,750
595,749
596,749
597,749
598,749
599,749
600,749
601,749
602,749
603,749
604,749
605,749
606,749
607,749
608,749
609,749
610,749
611,749
612,749
613,749
614,749
615,748
616,748
617,748
618,748
619,748
620,748
621,748
622,748
623,748
624,748
625,748
626,748
627,748
628,748
629,748
630,748
631,748
632,748
633,748
634,748
635,747
636,747
637,747
638,747
639,747
640,747
641,747
642,747
643,747
644,747
645,747
646,747
647,747
648,747
649,747
650,747
651,747
652,747
653,747
654,747
655,747
656,746
657,746
658,746
659,746
660,746
661,746
662,746
663,746
664,746
665,746
666,746
667,746
668,746
669,746
670,746
671,746
672,746
673,746
674,746
675,746
676,745
677,745
678,745
679,745
680,745
681,745
682,745
683,745
684,745
685,745
686,745
687,745
688,745
689,745
690,745
691,745
692,745
693,745
694,745
695,745
696,744
697,744
698,744
699,744
700,744
701,744
702,744
703,744
704,744
705,744
706,744
707,744
708,744
709,744
710,744
711,744
712,744
713,744
714,744
715,744
716,743
717,743
718,743
719,743
720,743
721,743
722,743
723,743
724,743
725,743
726,743
727,743
728,743
729,743
730,743
731,743
732,743
733,743
734,743
735,743
736,743
737,742
738,742
739,742
740,742
741,742
742,742
743,742
744,742
745,742
746,742
747,742
748,742
749,742
750,742
751,742
752,742
753,742
754,742
755,742
756,742
757,741
758,741
759,741
760,741
761,741
762,741
763,741
764,741
765,741
766,741
767,741
768,741
769,741
770,741
771,741
772,741
773,741
774,741
775,741
776,741
777,740
778,740
779,740
780,740
781,740
782,740
783,740
784,740
785,740
786,740
787,740
788,740
789,740
790,740
791,740
792,740
793,740
794,740
795,740
796,740
797,739
798,739
799,739
800,739
801,739
802,739
803,739
804,739
805,739
806,739
807,739
808,739
809,739
810,739
811,739
812,739
813,739
814,739
815,739
816,739
817,739
818,738
819,738
820,738
821,738
822,738
823,738
824,738
825,738
826,738
827,738
828,738
829,738
830,738
831,738
832,738
833,738
834,738
835,738
836,737
837,737
838,737
839,737
840,737
841,737
842,737
843,737
844,737
845,737
846,737
847,737
848,737
849,736
850,736
851,736
852,736
853,736
854,736
855,736
856,736
857,736
858,736
859,736
860,736
861,736
862,735
863,735
864,735
865,735
866,735
867,735
868,735
869,735
870,735
871,735
872,735
873,735
874,735
875,734
876,734
877,734
878,734
879,734
880,734
881,734
882,734
883,734
884,734
885,734
886,734
887,734
888,733
889,733
890,733
891,733
892,733
893,733
894,733
895,733
896,733
897,733
898,733
899,733
900,733
901,732
902,732
903,732
904,732
905,732
906,732
907,732
908,732
909,732
910,732
911,732
912,732
913,732
914,731
915,731
916,731
917,731
918,731
919,731
920,731
921,731
922,731
923,731
924,731
925,731
926,731
927,730
928,730
929,730
930,730
931,730
932,730
933,730
934,730
935,730
936,730
937,730
938,730
939,730
940,729
941,729
942,729
943,729
944,729
945,729
946,729
947,729
948,729
949,729
950,729
951,729
952,729
953,728
954,728
955,728
956,728
957,728
958,728
959,728
960,728
961,728
962,728
963,728
964,728
965,728
966,727
967,727
968,727
969,727
970,727
971,727
972,727
973,727
974,727
975,727
976,727
977,727
978,727
979,726
980,726
981,726
982,726
983,726
984,726
985,726
986,726
987,726
988,726
989,726
990,726
991,726
992,725
993,725
994,725
995,725
996,725
997,725
998,725
999,725
1000,725
1001,725
1002,725
1003,725
1004,725
1005,724
1006,724
1007,724
1008,724
1009,724
1010,724
1011,724
1012,724
1013,724
1014,724
1015,724
1016,724
1017,724
1018,723
1019,723
1020,723
1021,723
1022,723
1023,723
1024,723
1025,723
1026,723
1027,723
1028,723
1029,723
1030,723
1031,722
1032,722
1033,722
1034,722
1035,722
1036,722
1037,722
1038,722
1039,722
1040,722
1041,722
1042,722
1043,722
1044,721
1045,721
1046,721
1047,721
1048,721
1049,721
1050,721
1051,721
1052,721
1053,721
1054,721
1055,721
1056,721
1057,720
1058,720
1059,720
1060,720
1061,720
1062,720
1063,720
1064,720
1065,720
1066,720
1067,720
1068,720
1069,720
1070,719
1071,719
1072,719
1073,719
1074,719
1075,719
1076,719
1077,719
1078,719
1079,719
1080,719
1081,719
1082,719
1083,718
1084,718
1085,718
1086,718
1087,718
1088,718
1089,718
1090,718
1091,718
1092,718
1093,718
1094,718
1095,718
1096,717
1097,717
1098,717
1099,717
1100,717
1101,717
1102,717
1103,717
1104,717
1105,717
1106,717
1107,717
1108,717
1109,716
1110,716
1111,716
1112,716
1113,716
1114,716
1115,716
1116,716
1117,716
1118,716
1119,716
1120,716
1121,716
1122,715
1123,715
1124,715
1125,715
1126,715
1127,715
1128,715
1129,715
1130,715
1131,715
1132,715
1133,715
1134,715
1135,714
1136,714
1137,714
1138,714
1139,714
1140,714
1141,714
1142,714
1143,714
1144,714
1145,714
1146,714
1147,714
1148,713
1149,713
1150,713
1151,713
1152,713
1153,713
1154,713
1155,713
1156,713
1157,713
1158,713
1159,713
1160,713
1161,713
1162,713
1163,713
1164,713
1165,713
1166,713
1167,712
1168,712
1169,712
1170,712
1171,712
1172,712
1173,712
1174,712
1175,712
1176,712
1177,712
1178,712
1179,712
1180,712
1181,712
1182,712
1183,712
1184,712
1185,712
1186,711
1187,711
1188,711
1189,711
1190,711
1191,711
1192,711
1193,711
1194,711
1195,711
1196,711
1197,711
1198,711
1199,711
1200,711
1201,711
1202,711
1203,711
1204,711
1205,710
1206,710
1207,710
1208,710
1209,710
1210,710
1211,710
1212,710
1213,710
1214,710
1215,710
1216,710
1217,710
1218,710
1219,710
1220,710
1221,710
1222,710
1223,710
1224,709
1225,709
1226,709
1227,709
1228,709
1229,709
1230,709
1231,709
1232,709
1233,709
1234,709
1235,709
1236,709
1237,709
1238,709
1239,709
1240,709
1241,709
1242,709
1243,708
1244,708
1245,708
1246,708
1247,708
1248,708
1249,708
1250,708
1251,708
1252,708
1253,708
1254,708
1255,708
1256,708
1257,708
1258,708
1259,708
1260,708
1261,708
1262,707
1263,707
1264,707
1265,707
1266,707
1267,707
1268,707
1269,707
1270,707
1271,707
1272,707
1273,707
1274,707
1275,707
1276,707
1277,707
1278,707
1279,707
1280,707
1281,706
1282,706
1283,706
1284,706
1285,706
1286,706
1287,706
1288,706
1289,706
1290,706
1291,706
1292,706
1293,706
1294,706
1295,706
1296,706
1297,706
1298,706
1299,706
1300,705
1301,705
1302,705
1303,705
1304,705
1305,705
1306,705
1307,705
1308,705
1309,705
1310,705
1311,705
1312,705
1313,705
1314,705
1315,705
1316,705
1317,705
1318,705
1319,704
1320,704
1321,704
1322,704
1323,704
1324,704
1325,704
1326,704
1327,704
1328,704
1329,704
1330,704
1331,704
1332,704
1333,704
1334,704
1335,704
1336,704
1337,703
1338,703
1339,703
1340,703
1341,703
1342,703
1343,703
1344,703
1345,703
1346,703
1347,703
1348,703
1349,703
1350,703
1351,703
1352,703
1353,703
1354,703
1355,703
1356,702
1357,702
1358,702
1359,702
1360,702
1361,702
1362,702
1363,702
1364,702
1365,702
1366,702
1367,702
1368,702
1369,702
1370,702
1371,702
1372,702
1373,702
1374,702
1375,701
1376,701
1377,701
1378,701
1379,701
1380,701
1381,701
1382,701
1383,701
1384,701
1385,701
1386,701
1387,701
1388,701
1389,701
1390,701
1391,701
1392,701
1393,700
1394,700
1395,700
1396,700
1397,700
1398,700
1399,700
1400,700
1401,700
1402,700
1403,700
1404,700
1405,700
1406,700
1407,700
1408,700
1409,700
1410,700
1411,700
1412,699
1413,699
1414,699
1415,699
1416,699
1417,699
1418,699
1419,699
1420,699
1421,699
1422,699
1423,699
1424,699
1425,699
1426,699
1427,699
1428,699
1429,699
1430,699
1431,698
1432,698
1433,698
1434,698
1435,698
1436,698
1437,698
1438,698
1439,698
1440,698
1441,698
1442,698
1443,698
1444,698
1445,698
1446,698
1447,698
1448,698
1449,697
1450,697
1451,697
1452,697
1453,697
1454,697
1455,697
1456,697
1457,697
1458,697
1459,697
1460,697
1461,697
1462,697
1463,697
1464,697
1465,697
1466,697
1467,697
1468,696
1469,696
1470,696
1471,696
1472,696
1473,696
1474,696
1475,696
1476,696
1477,696
1478,696
1479,696
1480,696
1481,696
1482,696
1483,696
1484,696
1485,696
1486,696
1487,695
1488,695
1489,695
1490,695
1491,695
1492,695
1493,695
1494,695
1495,695
1496,695
1497,695
1498,695
1499,695
1500,695
1501,695
1502,695
1503,695
1504,695
1505,694
1506,694
1507,694
1508,694
1509,694
1510,694
1511,694
1512,694
1513,694
1514,694
1515,694
1516,694
1517,694
1518,694
1519,694
1520,694
1521,694
1522,694
1523,694
1524,693
1525,693
1526,693
1527,693
1528,693
1529,693
1530,693
1531,693
1532,692
1533,692
1534,692
1535,692
1536,692
1537,692
1538,691
1539,691
1540,691
1541,691
1542,691
1543,691
1544,690
1545,690
1546,690
1547,690
1548,690
1549,690
1550,689
1551,689
1552,689
1553,689
1554,689
1555,689
1556,688
1557,688
1558,688
1559,688
1560,688
1561,688
1562,687
1563,687
1564,687
1565,687
1566,687
1567,687
1568,686
1569,686
1570,686
1571,686
1572,686
1573,686
1574,685
1575,685
1576,685
1577,685
1578,685
1579,685
1580,684
1581,684
1582,684
1583,684
1584,684
1585,684
1586,683
1587,683
1588,683
1589,683
1590,683
1591,683
1592,682
1593,682
1594,682
1595,682
1596,682
1597,682
1598,681
1599,681
1600,681
1601,681
1602,681
1603,681
1604,680
1605,680
1606,680
1607,680
1608,680
1609,680
1610,679
1611,679
1612,679
1613,679
1614,679
1615,679
1616,678
1617,678
1618,678
1619,678
1620,678
1621,678
1622,677
1623,677
1624,677
1625,677
1626,677
1627,677
1628,677
1629,677
1630,677
1631,677
1632,677
1633,677
1634,677
1635,677
1636,677
1637,677
1638,677
1639,677
1640,677
1641,677
1642,677
1643,677
1644,677
1645,677
1646,676
1647,676
1648,676
1649,676
1650,676
1651,676
1652,676
1653,676
1654,676
1655,676
1656,676
1657,676
1658,676
1659,676
1660,676
1661,676
1662,676
1663,676
1664,676
1665,676
1666,676
1667,676
1668,676
1669,676
1670,676
1671,676
1672,676
1673,676
1674,676
1675,676
1676,676
1677,675
1678,675
1679,675
1680,675
1681,675
1682,675
1683,675
1684,675
1685,675
1686,675
1687,675
1688,675
1689,675
1690,675
1691,675
1692,675
1693,675
1694,675
1695,675
1696,675
1697,675
1698,675
1699,675
1700,675
1701,675
1702,675
1703,675
1704,675
1705,675
1706,675
1707,675
1708,674
1709,674
1710,674
1711,674
1712,674
1713,674
1714,674
1715,674
1716,674
1717,674
1718,674
1719,674
1720,674
1721,674
1722,674
1723,674
1724,674
1725,674
1726,674
1727,674
1728,674
1729,674
1730,674
1731,674
1732,674
1733,674
1734,674
1735,674
1736,674
1737,674
1738,674
1739,673
1740,673
1741,673
1742,673
1743,673
1744,673
1745,673
1746,673
1747,673
1748,673
1749,673
1750,673
1751,673
1752,673
1753,673
1754,673
1755,673
1756,673
1757,673
1758,673
1759,673
1760,673
1761,673
1762,673
1763,673
1764,673
1765,672
1766,672
1767,672
1768,672
1769,672
1770,672
1771,672
1772,672
1773,672
1774,672
1775,672
1776,672
1777,672
1778,672
1779,672
1780,672
1781,672
1782,672
1783,672
1784,672
1785,672
1786,672
1787,672
1788,672
1789,671
1790,671
1791,671
1792,671
1793,671
1794,671
1795,671
1796,671
1797,671
1798,671
1799,671
1800,671
1801,671
1802,671
1803,671
1804,671
1805,671
1806,671
1807,671
1808,671
1809,671
1810,671
1811,671
1812,671
1813,670
1814,670
1815,670
1816,670
1817,670
1818,670
1819,670
1820,670
1821,670
1822,670
1823,670
1824,670
1825,670
1826,670
1827,670
1828,670
1829,670
1830,670
1831,670
1832,670
1833,670
1834,670
1835,670
1836,670
1837,669
1838,669
1839,669
1840,669
1841,669
1842,669
1843,669
1844,669
1845,669
1846,669
1847,669
1848,669
1849,669
1850,669
1851,669
1852,669
1853,669
1854,669
1855,669
1856,669
1857,669
1858,669
1859,669
1860,669
1861,668
1862,668
1863,668
1864,668
1865,668
1866,668
1867,668
1868,668
1869,668
1870,668
1871,668
1872,668
1873,668
1874,668
1875,668
1876,668
1877,668
1878,668
1879,668
1880,668
1881,668
1882,668
1883,668
1884,668
1885,667
1886,667
1887,667
1888,667
1889,667
1890,667
1891,667
1892,667
1893,667
1894,667
1895,667
1896,667
1897,667
1898,667
1899,667
1900,667
1901,667
1902,667
1903,667
1904,667
1905,667
1906,667
1907,667
1908,667
1909,666
1910,666
1911,666
1912,666
1913,666
1914,666
1915,666
1916,666
1917,666
1918,666
1919,666
1920,666
1921,666
1922,666
1923,666
1924,666
1925,666
1926,666
1927,666
1928,666
1929,666
1930,666
1931,666
1932,666
1933,665
1934,665
1935,665
1936,665
1937,665
1938,665
1939,665
1940,665
1941,665
1942,665
1943,665
1944,665
1945,664
1946,664
1947,664
1948,664
1949,664
1950,663
1951,663
1952,663
1953,663
1954,662
1955,662
1956,662
1957,662
1958,662
1959,661
1960,661
1961,661
1962,661
1963,660
1964,660
1965,660
1966,660
1967,660
1968,659
1969,659
1970,659
1971,659
1972,659
1973,658
1974,658
1975,658
1976,658
1977,657
1978,657
1979,657
1980,657
1981,657
1982,656
1983,656
1984,656
1985,656
1986,655
1987,655
1988,655
1989,655
1990,655
1991,654
1992,654
1993,654
1994,654
1995,654
1996,653
1997,653
1998,653
1999,653
2000,652
2001,652
2002,652
2003,652
2004,652
2005,651
2006,651
2007,651
2008,651
2009,650
2010,650
2011,650
2012,650
2013,650
2014,649
2015,649
2016,649
2017,649
2018,649
2019,648
2020,648
2021,648
2022,648
2023,647
2024,647
2025,647
2026,647
2027,647
2028,646
2029,646
2030,646
2031,646
2032,645
2033,645
2034,645
2035,645
2036,645
2037,645
2038,645
2039,645
2040,645
2041,645
2042,645
2043,645
2044,645
2045,645
2046,645
2047,644
2048,644
2049,644
2050,644
2051,644
2052,644
2053,644
2054,644
2055,644
2056,644
2057,644
2058,644
2059,644
2060,644
2061,644
2062,644
2063,644
2064,644
2065,644
2066,644
2067,644
2068,644
2069,644
2070,644
2071,644
2072,644
2073,643
2074,643
2075,643
2076,643
2077,643
2078,643
2079,643
2080,643
2081,643
2082,643
2083,643
2084,643
2085,643
2086,643
2087,643
2088,643
2089,643
2090,643
2091,643
2092,643
2093,643
2094,643
2095,643
2096,643
2097,643
2098,643
2099,642
2100,642
2101,642
2102,642
2103,642
2104,642
2105,642
2106,642
2107,642
2108,642
2109,642
2110,642
2111,642
2112,642
2113,642
2114,642
2115,642
2116,642
2117,642
2118,642
2119,642
2120,642
2121,642
2122,642
2123,642
2124,642
2125,642
2126,641
2127,641
2128,641
2129,641
2130,641
2131,641
2132,641
2133,641
2134,641
2135,641
2136,641
2137,641
2138,641
2139,641
2140,641
2141,641
2142,641
2143,641
2144,641
2145,641
2146,641
2147,641
2148,641
2149,641
2150,641
2151,641
2152,640
2153,640
2154,640
2155,640
2156,640
2157,640
2158,640
2159,640
2160,640
2161,640
2162,640
2163,640
2164,640
2165,640
2166,640
2167,640
2168,640
2169,640
2170,640
2171,640
2172,640
2173,640
2174,640
2175,640
2176,640
2177,640
2178,639
2179,639
2180,639
2181,639
2182,639
2183,639
2184,639
2185,639
2186,639
2187,639
2188,639
2189,639
2190,639
2191,639
2192,639
2193,639
2194,639
2195,639
2196,639
2197,639
2198,639
2199,639
2200,639
2201,639
2202,639
2203,639
2204,639
2205,638
2206,638
2207,638
2208,638
2209,638
2210,638
2211,638
2212,638
2213,638
2214,638
2215,638
2216,638
2217,638
2218,638
2219,638
2220,638
2221,638
2222,638
2223,638
2224,638
2225,638
2226,638
2227,638
2228,638
2229,638
2230,638
2231,637
2232,637
2233,637
2234,637
2235,637
2236,637
2237,637
2238,637
2239,637
2240,637
2241,637
2242,637
2243,637
2244,637
2245,637
2246,637
2247,637
2248,637
2249,637
2250,637
2251,637
2252,637
2253,637
2254,637
2255,637
2256,637
2257,636
2258,636
2259,636
2260,636
2261,636
2262,636
2263,636
2264,636
2265,636
2266,636
2267,636
2268,636
2269,636
2270,636
2271,636
2272,636
2273,636
2274,636
2275,636
2276,636
2277,636
2278,636
2279,636
2280,636
2281,636
2282,636
2283,636
2284,635
2285,635
2286,635
2287,635
2288,635
2289,635
2290,635
2291,635
2292,635
2293,635
2294,635
2295,635
2296,635
2297,635
2298,635
2299,635
2300,635
2301,635
2302,635
2303,635
2304,635
2305,635
2306,635
2307,635
2308,635
2309,635
2310,634
2311,634
2312,634
2313,634
2314,634
2315,634
2316,634
2317,634
2318,634
2319,634
2320,634
2321,634
2322,634
2323,634
2324,634
2325,634
2326,634
2327,634
2328,634
2329,634
2330,634
2331,634
2332,634
2333,634
2334,634
2335,634
2336,633
2337,633
2338,633
2339,633
2340,633
2341,633
2342,633
2343,633
2344,633
2345,633
2346,633
2347,633
2348,633
2349,633
2350,633
2351,633
2352,633
2353,633
2354,633
2355,633
2356,633
2357,633
2358,633
2359,633
2360,633
2361,633
2362,633
2363,633
2364,633
2365,633
2366,633
2367,633
2368,633
2369,633
2370,633
2371,633
2372,633
2373,633
2374,633
2375,633
2376,633
2377,633
2378,633
2379,633
2380,633
2381,633
2382,633
2383,633
2384,633
2385,633
2386,633
2387,633
2388,633
2389,633
2390,633
2391,633
2392,633
2393,633
2394,633
2395,633
2396,633
2397,633
2398,633
2399,633
2400,633
2401,633
2402,633
2403,633
2404,633
2405,633
2406,633
2407,633
2408,633
2409,633
2410,633
2411,633
2412,633
2413,633
2414,633
2415,633
2416,633
2417,633
2418,633
2419,633
2420,633
2421,633
2422,633
2423,633
2424,633
2425,633
2426,633
2427,633
2428,633
2429,633
2430,633
2431,633
2432,633
2433,633
2434,633
2435,633
2436,633
2437,633
2438,633
2439,633
2440,633
2441,633
2442,633
2443,633
2444,633
2445,633
2446,633
2447,633
