date,camera,enabled,station,first_day,last_day,eo_file,envelope_survey,utc_hours,era,notes
2024-10-23,c1,0,CACO03,2024-10-20,2024-10-26,CACO03_c1_20241023_EO.yaml,2025005FA_Marconi_Jan_YSMP_Lidar_DSM_25cm.tif,13.5-18,chatham,"skipped for now at the user's request. Survey = GCPs only (calibration solved from them: PARTLY-CIRCULAR). No ADCP: water level = Chatham 8447435 transferred to Marconi, waves = WIS ST63064. The 2024-08-27 calibration differs by ~2.3-2.5 deg azimuth, so days before 23 Oct may have another pointing: the pointing step flags them."
2024-10-23,c2,0,CACO03,2024-10-20,2024-10-26,CACO03_c2_20241023_EO.yaml,2025005FA_Marconi_Jan_YSMP_Lidar_DSM_25cm.tif,13.5-18,chatham,"skipped for now at the user's request. Survey = GCPs only (calibration solved from them: PARTLY-CIRCULAR). No ADCP: water level = Chatham 8447435 transferred to Marconi, waves = WIS ST63064. The 2024-08-27 calibration differs by ~2.3-2.5 deg azimuth, so days before 23 Oct may have another pointing: the pointing step flags them."
2025-01-23,c1,1,CACO03,2025-01-18,2025-01-23,CACO03_c1_20250123_EO.yaml,2025005FA_Marconi_Mar_YSMP_Lidar_DSM_25cm.tif,13.5-18,adcp,"calibration solved from GCPs surveyed 23 Jan (not the lidar). Search envelope from the MAR lidar so the Jan lidar comparison stays independent. 24 Jan left out: the cameras were moved ~5.7 m and turned ~15 deg that day (CACO04 from 24 Jan 23:00 UTC)."
2025-01-23,c2,1,CACO03,2025-01-18,2025-01-23,CACO03_c2_20250123_EO.yaml,2025005FA_Marconi_Mar_YSMP_Lidar_DSM_25cm.tif,13.5-18,adcp,"calibration solved from GCPs surveyed 23 Jan (not the lidar). Search envelope from the MAR lidar so the Jan lidar comparison stays independent. The same c2 photos sit in three folders on the NUC: used once each. 24 Jan left out (re-set that day)."
2025-03-06,c2,1,CACO04,2025-03-03,2025-03-09,CACO04_c2_20250219_EO.yaml,2025005FA_Marconi_Jan_YSMP_Lidar_DSM_25cm.tif,13.5-18,adcp,"c2 only: c1 has no photos on the NUC for this period. Search envelope from the JAN lidar so the Mar lidar comparison stays independent. The ADCP ends 2025-03-10 15:00 UTC. horizon_check.py found c2 ~0.4 deg off the 2025-02-19 calibration from 24 Jan to 10 Mar: see the pointing step."
2025-03-19,c1,0,CACO04,2025-03-16,2025-03-22,CACO04_c1_20250219_EO.yaml,2025005FA_Marconi_Jan_YSMP_Lidar_DSM_25cm.tif,13.5-18,chatham,"skipped at the user's request; no photos on the NUC within 7 days, no ADCP"
2025-03-19,c2,0,CACO04,2025-03-16,2025-03-22,CACO04_c2_20250219_EO.yaml,2025005FA_Marconi_Jan_YSMP_Lidar_DSM_25cm.tif,13.5-18,chatham,"skipped at the user's request; no photos on the NUC within 7 days, no ADCP"
2026-09-27,c1,1,CACO05,2026-09-24,2026-09-30,CACO05_c1_20251113_EO-CV.yaml,,0-24,live,"live station: the cron already detected these frames in the current view (its own search envelope, from hand-clicked ground truth) and tagged GNSS-R water levels and waves, before the setup correction was switched on (6 Oct 2026); survey_products.py applies the setup to those rows. All hours, as the live DEM."
2026-09-27,c2,1,CACO05,2026-09-24,2026-09-30,CACO05_c2_20251113_EO-CV.yaml,,0-24,live,"live station: the cron already detected these frames in the current view (its own search envelope, from hand-clicked ground truth) and tagged GNSS-R water levels and waves, before the setup correction was switched on (6 Oct 2026); survey_products.py applies the setup to those rows. All hours, as the live DEM."
